{
  "cl_metrics": {
    "accuracy": {
      "mean": 0.73289,
      "std": 0.0,
      "min": 0.73289,
      "max": 0.73289
    },
    "forgetting": {
      "mean": 0.24748888888888892,
      "std": 0.0,
      "min": 0.24748888888888892,
      "max": 0.24748888888888892
    },
    "bwt": {
      "mean": -0.24748888888888892,
      "std": 0.0,
      "min": -0.24748888888888892,
      "max": -0.24748888888888892
    },
    "fwt": {
      "mean": -0.09999999999999999,
      "std": 0.0,
      "min": -0.09999999999999999,
      "max": -0.09999999999999999
    },
    "plasticity": {
      "mean": 0.95563,
      "std": 0.0,
      "min": 0.95563,
      "max": 0.95563
    }
  },
  "accuracy_matrix": {
    "mean": [
      [
        0.931,
        0.0,
        0.0,
        0.0,
        0.0,
        0.0,
        0.0,
        0.0,
        0.0,
        0.0
      ],
      [
        0.9125,
        0.9405,
        0.0,
        0.0,
        0.0,
        0.0,
        0.0,
        0.0,
        0.0,
        0.0
      ],
      [
        0.8662,
        0.9216,
        0.9586,
        0.0,
        0.0,
        0.0,
        0.0,
        0.0,
        0.0,
        0.0
      ],
      [
        0.8497,
        0.9017,
        0.9446,
        0.9547,
        0.0,
        0.0,
        0.0,
        0.0,
        0.0,
        0.0
      ],
      [
        0.8525,
        0.8527,
        0.9254,
        0.9293,
        0.9619,
        0.0,
        0.0,
        0.0,
        0.0,
        0.0
      ],
      [
        0.8049,
        0.8096,
        0.9013,
        0.893,
        0.9524,
        0.9551,
        0.0,
        0.0,
        0.0,
        0.0
      ],
      [
        0.7939,
        0.7082,
        0.8529,
        0.8798,
        0.9375,
        0.94,
        0.9673,
        0.0,
        0.0,
        0.0
      ],
      [
        0.7616,
        0.633,
        0.7785,
        0.8167,
        0.9051,
        0.9046,
        0.9457,
        0.9588,
        0.0,
        0.0
      ],
      [
        0.7074,
        0.5474,
        0.5722,
        0.6742,
        0.8221,
        0.7852,
        0.8977,
        0.9328,
        0.9654,
        0.0
      ],
      [
        0.6504,
        0.465,
        0.4906,
        0.6393,
        0.7172,
        0.7106,
        0.8593,
        0.8897,
        0.9438,
        0.963
      ]
    ],
    "std": [
      [
        0.0,
        0.0,
        0.0,
        0.0,
        0.0,
        0.0,
        0.0,
        0.0,
        0.0,
        0.0
      ],
      [
        0.0,
        0.0,
        0.0,
        0.0,
        0.0,
        0.0,
        0.0,
        0.0,
        0.0,
        0.0
      ],
      [
        0.0,
        0.0,
        0.0,
        0.0,
        0.0,
        0.0,
        0.0,
        0.0,
        0.0,
        0.0
      ],
      [
        0.0,
        0.0,
        0.0,
        0.0,
        0.0,
        0.0,
        0.0,
        0.0,
        0.0,
        0.0
      ],
      [
        0.0,
        0.0,
        0.0,
        0.0,
        0.0,
        0.0,
        0.0,
        0.0,
        0.0,
        0.0
      ],
      [
        0.0,
        0.0,
        0.0,
        0.0,
        0.0,
        0.0,
        0.0,
        0.0,
        0.0,
        0.0
      ],
      [
        0.0,
        0.0,
        0.0,
        0.0,
        0.0,
        0.0,
        0.0,
        0.0,
        0.0,
        0.0
      ],
      [
        0.0,
        0.0,
        0.0,
        0.0,
        0.0,
        0.0,
        0.0,
        0.0,
        0.0,
        0.0
      ],
      [
        0.0,
        0.0,
        0.0,
        0.0,
        0.0,
        0.0,
        0.0,
        0.0,
        0.0,
        0.0
      ],
      [
        0.0,
        0.0,
        0.0,
        0.0,
        0.0,
        0.0,
        0.0,
        0.0,
        0.0,
        0.0
      ]
    ]
  },
  "computational_metrics": {
    "avg_task_time": {
      "mean": 93.38269002437592,
      "std": 0.0
    },
    "total_training_time": {
      "mean": 933.8269002437592,
      "std": 0.0
    }
  },
  "num_seeds": 1
}