{
  "cl_metrics": {
    "accuracy": {
      "mean": 0.50678,
      "std": 0.0,
      "min": 0.50678,
      "max": 0.50678
    },
    "forgetting": {
      "mean": 0.4916222222222222,
      "std": 0.0,
      "min": 0.4916222222222222,
      "max": 0.4916222222222222
    },
    "bwt": {
      "mean": -0.4916222222222222,
      "std": 0.0,
      "min": -0.4916222222222222,
      "max": -0.4916222222222222
    },
    "fwt": {
      "mean": -0.09999999999999999,
      "std": 0.0,
      "min": -0.09999999999999999,
      "max": -0.09999999999999999
    },
    "plasticity": {
      "mean": 0.94924,
      "std": 0.0,
      "min": 0.94924,
      "max": 0.94924
    }
  },
  "accuracy_matrix": {
    "mean": [
      [
        0.9235,
        0.0,
        0.0,
        0.0,
        0.0,
        0.0,
        0.0,
        0.0,
        0.0,
        0.0
      ],
      [
        0.8815,
        0.93,
        0.0,
        0.0,
        0.0,
        0.0,
        0.0,
        0.0,
        0.0,
        0.0
      ],
      [
        0.7759,
        0.881,
        0.9493,
        0.0,
        0.0,
        0.0,
        0.0,
        0.0,
        0.0,
        0.0
      ],
      [
        0.7573,
        0.8323,
        0.9194,
        0.9447,
        0.0,
        0.0,
        0.0,
        0.0,
        0.0,
        0.0
      ],
      [
        0.7396,
        0.6693,
        0.8833,
        0.9198,
        0.9571,
        0.0,
        0.0,
        0.0,
        0.0,
        0.0
      ],
      [
        0.6622,
        0.563,
        0.8307,
        0.8707,
        0.9392,
        0.9521,
        0.0,
        0.0,
        0.0,
        0.0
      ],
      [
        0.5381,
        0.3926,
        0.6375,
        0.7692,
        0.906,
        0.9132,
        0.961,
        0.0,
        0.0,
        0.0
      ],
      [
        0.3495,
        0.3083,
        0.3905,
        0.5533,
        0.8364,
        0.8429,
        0.9289,
        0.9539,
        0.0,
        0.0
      ],
      [
        0.2111,
        0.216,
        0.2574,
        0.4534,
        0.7458,
        0.5386,
        0.8473,
        0.9222,
        0.9642,
        0.0
      ],
      [
        0.129,
        0.1282,
        0.1785,
        0.2683,
        0.5278,
        0.5273,
        0.6938,
        0.7628,
        0.8955,
        0.9566
      ]
    ],
    "std": [
      [
        0.0,
        0.0,
        0.0,
        0.0,
        0.0,
        0.0,
        0.0,
        0.0,
        0.0,
        0.0
      ],
      [
        0.0,
        0.0,
        0.0,
        0.0,
        0.0,
        0.0,
        0.0,
        0.0,
        0.0,
        0.0
      ],
      [
        0.0,
        0.0,
        0.0,
        0.0,
        0.0,
        0.0,
        0.0,
        0.0,
        0.0,
        0.0
      ],
      [
        0.0,
        0.0,
        0.0,
        0.0,
        0.0,
        0.0,
        0.0,
        0.0,
        0.0,
        0.0
      ],
      [
        0.0,
        0.0,
        0.0,
        0.0,
        0.0,
        0.0,
        0.0,
        0.0,
        0.0,
        0.0
      ],
      [
        0.0,
        0.0,
        0.0,
        0.0,
        0.0,
        0.0,
        0.0,
        0.0,
        0.0,
        0.0
      ],
      [
        0.0,
        0.0,
        0.0,
        0.0,
        0.0,
        0.0,
        0.0,
        0.0,
        0.0,
        0.0
      ],
      [
        0.0,
        0.0,
        0.0,
        0.0,
        0.0,
        0.0,
        0.0,
        0.0,
        0.0,
        0.0
      ],
      [
        0.0,
        0.0,
        0.0,
        0.0,
        0.0,
        0.0,
        0.0,
        0.0,
        0.0,
        0.0
      ],
      [
        0.0,
        0.0,
        0.0,
        0.0,
        0.0,
        0.0,
        0.0,
        0.0,
        0.0,
        0.0
      ]
    ]
  },
  "computational_metrics": {
    "avg_task_time": {
      "mean": 91.55702910423278,
      "std": 0.0
    },
    "total_training_time": {
      "mean": 915.5702910423279,
      "std": 0.0
    }
  },
  "num_seeds": 1
}