{
  "cl_metrics": {
    "accuracy": {
      "mean": 0.68379,
      "std": 0.0,
      "min": 0.68379,
      "max": 0.68379
    },
    "forgetting": {
      "mean": 0.2990777777777778,
      "std": 0.0,
      "min": 0.2990777777777778,
      "max": 0.2990777777777778
    },
    "bwt": {
      "mean": -0.2990777777777778,
      "std": 0.0,
      "min": -0.2990777777777778,
      "max": -0.2990777777777778
    },
    "fwt": {
      "mean": -0.09999999999999999,
      "std": 0.0,
      "min": -0.09999999999999999,
      "max": -0.09999999999999999
    },
    "plasticity": {
      "mean": 0.95296,
      "std": 0.0,
      "min": 0.95296,
      "max": 0.95296
    }
  },
  "accuracy_matrix": {
    "mean": [
      [
        0.9297,
        0.0,
        0.0,
        0.0,
        0.0,
        0.0,
        0.0,
        0.0,
        0.0,
        0.0
      ],
      [
        0.9077,
        0.938,
        0.0,
        0.0,
        0.0,
        0.0,
        0.0,
        0.0,
        0.0,
        0.0
      ],
      [
        0.8498,
        0.9107,
        0.9551,
        0.0,
        0.0,
        0.0,
        0.0,
        0.0,
        0.0,
        0.0
      ],
      [
        0.837,
        0.8885,
        0.9362,
        0.9518,
        0.0,
        0.0,
        0.0,
        0.0,
        0.0,
        0.0
      ],
      [
        0.8323,
        0.8292,
        0.9133,
        0.9251,
        0.9586,
        0.0,
        0.0,
        0.0,
        0.0,
        0.0
      ],
      [
        0.7559,
        0.7678,
        0.8786,
        0.8926,
        0.9497,
        0.9537,
        0.0,
        0.0,
        0.0,
        0.0
      ],
      [
        0.7335,
        0.6095,
        0.798,
        0.8612,
        0.9257,
        0.934,
        0.9635,
        0.0,
        0.0,
        0.0
      ],
      [
        0.6942,
        0.4997,
        0.6923,
        0.781,
        0.8669,
        0.8884,
        0.9354,
        0.9568,
        0.0,
        0.0
      ],
      [
        0.633,
        0.4873,
        0.5519,
        0.6666,
        0.7739,
        0.7368,
        0.8899,
        0.9267,
        0.9644,
        0.0
      ],
      [
        0.569,
        0.4267,
        0.4307,
        0.5611,
        0.6231,
        0.6057,
        0.8614,
        0.8721,
        0.9301,
        0.958
      ]
    ],
    "std": [
      [
        0.0,
        0.0,
        0.0,
        0.0,
        0.0,
        0.0,
        0.0,
        0.0,
        0.0,
        0.0
      ],
      [
        0.0,
        0.0,
        0.0,
        0.0,
        0.0,
        0.0,
        0.0,
        0.0,
        0.0,
        0.0
      ],
      [
        0.0,
        0.0,
        0.0,
        0.0,
        0.0,
        0.0,
        0.0,
        0.0,
        0.0,
        0.0
      ],
      [
        0.0,
        0.0,
        0.0,
        0.0,
        0.0,
        0.0,
        0.0,
        0.0,
        0.0,
        0.0
      ],
      [
        0.0,
        0.0,
        0.0,
        0.0,
        0.0,
        0.0,
        0.0,
        0.0,
        0.0,
        0.0
      ],
      [
        0.0,
        0.0,
        0.0,
        0.0,
        0.0,
        0.0,
        0.0,
        0.0,
        0.0,
        0.0
      ],
      [
        0.0,
        0.0,
        0.0,
        0.0,
        0.0,
        0.0,
        0.0,
        0.0,
        0.0,
        0.0
      ],
      [
        0.0,
        0.0,
        0.0,
        0.0,
        0.0,
        0.0,
        0.0,
        0.0,
        0.0,
        0.0
      ],
      [
        0.0,
        0.0,
        0.0,
        0.0,
        0.0,
        0.0,
        0.0,
        0.0,
        0.0,
        0.0
      ],
      [
        0.0,
        0.0,
        0.0,
        0.0,
        0.0,
        0.0,
        0.0,
        0.0,
        0.0,
        0.0
      ]
    ]
  },
  "computational_metrics": {
    "avg_task_time": {
      "mean": 120.43628370761871,
      "std": 0.0
    },
    "total_training_time": {
      "mean": 1204.3628370761871,
      "std": 0.0
    }
  },
  "num_seeds": 1
}