{
  "cl_metrics": {
    "accuracy": {
      "mean": 0.5700500000000001,
      "std": 0.0,
      "min": 0.5700500000000001,
      "max": 0.5700500000000001
    },
    "forgetting": {
      "mean": 0.42360000000000003,
      "std": 0.0,
      "min": 0.42360000000000003,
      "max": 0.42360000000000003
    },
    "bwt": {
      "mean": -0.42360000000000003,
      "std": 0.0,
      "min": -0.42360000000000003,
      "max": -0.42360000000000003
    },
    "fwt": {
      "mean": -0.09999999999999999,
      "std": 0.0,
      "min": -0.09999999999999999,
      "max": -0.09999999999999999
    },
    "plasticity": {
      "mean": 0.9512899999999999,
      "std": 0.0,
      "min": 0.9512899999999999,
      "max": 0.9512899999999999
    }
  },
  "accuracy_matrix": {
    "mean": [
      [
        0.9291,
        0.0,
        0.0,
        0.0,
        0.0,
        0.0,
        0.0,
        0.0,
        0.0,
        0.0
      ],
      [
        0.9058,
        0.9378,
        0.0,
        0.0,
        0.0,
        0.0,
        0.0,
        0.0,
        0.0,
        0.0
      ],
      [
        0.8478,
        0.8991,
        0.9527,
        0.0,
        0.0,
        0.0,
        0.0,
        0.0,
        0.0,
        0.0
      ],
      [
        0.8171,
        0.8672,
        0.9277,
        0.9472,
        0.0,
        0.0,
        0.0,
        0.0,
        0.0,
        0.0
      ],
      [
        0.7953,
        0.7603,
        0.9017,
        0.9188,
        0.9574,
        0.0,
        0.0,
        0.0,
        0.0,
        0.0
      ],
      [
        0.7067,
        0.6926,
        0.8599,
        0.8828,
        0.9444,
        0.9501,
        0.0,
        0.0,
        0.0,
        0.0
      ],
      [
        0.5717,
        0.5432,
        0.715,
        0.8302,
        0.9136,
        0.9227,
        0.9594,
        0.0,
        0.0,
        0.0
      ],
      [
        0.5343,
        0.4444,
        0.6266,
        0.7533,
        0.8598,
        0.8786,
        0.9232,
        0.958,
        0.0,
        0.0
      ],
      [
        0.4752,
        0.4075,
        0.4939,
        0.6223,
        0.7622,
        0.7224,
        0.8535,
        0.8995,
        0.9644,
        0.0
      ],
      [
        0.2882,
        0.2432,
        0.2824,
        0.4414,
        0.5776,
        0.5113,
        0.7139,
        0.7691,
        0.9166,
        0.9568
      ]
    ],
    "std": [
      [
        0.0,
        0.0,
        0.0,
        0.0,
        0.0,
        0.0,
        0.0,
        0.0,
        0.0,
        0.0
      ],
      [
        0.0,
        0.0,
        0.0,
        0.0,
        0.0,
        0.0,
        0.0,
        0.0,
        0.0,
        0.0
      ],
      [
        0.0,
        0.0,
        0.0,
        0.0,
        0.0,
        0.0,
        0.0,
        0.0,
        0.0,
        0.0
      ],
      [
        0.0,
        0.0,
        0.0,
        0.0,
        0.0,
        0.0,
        0.0,
        0.0,
        0.0,
        0.0
      ],
      [
        0.0,
        0.0,
        0.0,
        0.0,
        0.0,
        0.0,
        0.0,
        0.0,
        0.0,
        0.0
      ],
      [
        0.0,
        0.0,
        0.0,
        0.0,
        0.0,
        0.0,
        0.0,
        0.0,
        0.0,
        0.0
      ],
      [
        0.0,
        0.0,
        0.0,
        0.0,
        0.0,
        0.0,
        0.0,
        0.0,
        0.0,
        0.0
      ],
      [
        0.0,
        0.0,
        0.0,
        0.0,
        0.0,
        0.0,
        0.0,
        0.0,
        0.0,
        0.0
      ],
      [
        0.0,
        0.0,
        0.0,
        0.0,
        0.0,
        0.0,
        0.0,
        0.0,
        0.0,
        0.0
      ],
      [
        0.0,
        0.0,
        0.0,
        0.0,
        0.0,
        0.0,
        0.0,
        0.0,
        0.0,
        0.0
      ]
    ]
  },
  "computational_metrics": {
    "avg_task_time": {
      "mean": 170.99497110843657,
      "std": 0.0
    },
    "total_training_time": {
      "mean": 1709.9497110843658,
      "std": 0.0
    }
  },
  "num_seeds": 1
}