{
  "cl_metrics": {
    "accuracy": {
      "mean": 0.5579699999999999,
      "std": 0.0,
      "min": 0.5579699999999999,
      "max": 0.5579699999999999
    },
    "forgetting": {
      "mean": 0.4368333333333333,
      "std": 0.0,
      "min": 0.4368333333333333,
      "max": 0.4368333333333333
    },
    "bwt": {
      "mean": -0.4368333333333333,
      "std": 0.0,
      "min": -0.4368333333333333,
      "max": -0.4368333333333333
    },
    "fwt": {
      "mean": -0.09999999999999999,
      "std": 0.0,
      "min": -0.09999999999999999,
      "max": -0.09999999999999999
    },
    "plasticity": {
      "mean": 0.9511200000000001,
      "std": 0.0,
      "min": 0.9511200000000001,
      "max": 0.9511200000000001
    }
  },
  "accuracy_matrix": {
    "mean": [
      [
        0.9302,
        0.0,
        0.0,
        0.0,
        0.0,
        0.0,
        0.0,
        0.0,
        0.0,
        0.0
      ],
      [
        0.9056,
        0.9374,
        0.0,
        0.0,
        0.0,
        0.0,
        0.0,
        0.0,
        0.0,
        0.0
      ],
      [
        0.8552,
        0.9022,
        0.9543,
        0.0,
        0.0,
        0.0,
        0.0,
        0.0,
        0.0,
        0.0
      ],
      [
        0.8266,
        0.8658,
        0.9325,
        0.9464,
        0.0,
        0.0,
        0.0,
        0.0,
        0.0,
        0.0
      ],
      [
        0.8068,
        0.7434,
        0.9091,
        0.9178,
        0.9569,
        0.0,
        0.0,
        0.0,
        0.0,
        0.0
      ],
      [
        0.7212,
        0.6721,
        0.853,
        0.8841,
        0.9445,
        0.9511,
        0.0,
        0.0,
        0.0,
        0.0
      ],
      [
        0.5958,
        0.5328,
        0.7215,
        0.8208,
        0.911,
        0.9098,
        0.9606,
        0.0,
        0.0,
        0.0
      ],
      [
        0.5602,
        0.5237,
        0.6744,
        0.7606,
        0.8674,
        0.8733,
        0.9251,
        0.9557,
        0.0,
        0.0
      ],
      [
        0.3841,
        0.4034,
        0.4533,
        0.6262,
        0.7572,
        0.6748,
        0.8725,
        0.8945,
        0.9627,
        0.0
      ],
      [
        0.1863,
        0.2108,
        0.2486,
        0.4386,
        0.5917,
        0.4932,
        0.7274,
        0.8158,
        0.9114,
        0.9559
      ]
    ],
    "std": [
      [
        0.0,
        0.0,
        0.0,
        0.0,
        0.0,
        0.0,
        0.0,
        0.0,
        0.0,
        0.0
      ],
      [
        0.0,
        0.0,
        0.0,
        0.0,
        0.0,
        0.0,
        0.0,
        0.0,
        0.0,
        0.0
      ],
      [
        0.0,
        0.0,
        0.0,
        0.0,
        0.0,
        0.0,
        0.0,
        0.0,
        0.0,
        0.0
      ],
      [
        0.0,
        0.0,
        0.0,
        0.0,
        0.0,
        0.0,
        0.0,
        0.0,
        0.0,
        0.0
      ],
      [
        0.0,
        0.0,
        0.0,
        0.0,
        0.0,
        0.0,
        0.0,
        0.0,
        0.0,
        0.0
      ],
      [
        0.0,
        0.0,
        0.0,
        0.0,
        0.0,
        0.0,
        0.0,
        0.0,
        0.0,
        0.0
      ],
      [
        0.0,
        0.0,
        0.0,
        0.0,
        0.0,
        0.0,
        0.0,
        0.0,
        0.0,
        0.0
      ],
      [
        0.0,
        0.0,
        0.0,
        0.0,
        0.0,
        0.0,
        0.0,
        0.0,
        0.0,
        0.0
      ],
      [
        0.0,
        0.0,
        0.0,
        0.0,
        0.0,
        0.0,
        0.0,
        0.0,
        0.0,
        0.0
      ],
      [
        0.0,
        0.0,
        0.0,
        0.0,
        0.0,
        0.0,
        0.0,
        0.0,
        0.0,
        0.0
      ]
    ]
  },
  "computational_metrics": {
    "avg_task_time": {
      "mean": 221.9093938589096,
      "std": 0.0
    },
    "total_training_time": {
      "mean": 2219.093938589096,
      "std": 0.0
    }
  },
  "num_seeds": 1
}