{
  "cl_metrics": {
    "accuracy": {
      "mean": 0.4553633333333333,
      "std": 0.16682698149746503,
      "min": 0.3346,
      "max": 0.6912699999999999
    },
    "forgetting": {
      "mean": 0.5751666666666667,
      "std": 0.18283133899449108,
      "min": 0.3166333333333334,
      "max": 0.7078000000000001
    },
    "bwt": {
      "mean": -0.5751666666666667,
      "std": 0.18283133899449108,
      "min": -0.7078000000000001,
      "max": -0.3166333333333334
    },
    "fwt": {
      "mean": -0.09999999999999999,
      "std": 0.0,
      "min": -0.09999999999999999,
      "max": -0.09999999999999999
    },
    "plasticity": {
      "mean": 0.9730133333333333,
      "std": 0.00228865802503464,
      "min": 0.97118,
      "max": 0.97624
    }
  },
  "accuracy_matrix": {
    "mean": [
      [
        0.9736333333333334,
        0.0,
        0.0,
        0.0,
        0.0,
        0.0,
        0.0,
        0.0,
        0.0,
        0.0
      ],
      [
        0.7232,
        0.9687,
        0.0,
        0.0,
        0.0,
        0.0,
        0.0,
        0.0,
        0.0,
        0.0
      ],
      [
        0.38103333333333333,
        0.7352,
        0.9809666666666667,
        0.0,
        0.0,
        0.0,
        0.0,
        0.0,
        0.0,
        0.0
      ],
      [
        0.3368333333333333,
        0.5961333333333333,
        0.8643333333333333,
        0.9651000000000001,
        0.0,
        0.0,
        0.0,
        0.0,
        0.0,
        0.0
      ],
      [
        0.2729,
        0.45703333333333335,
        0.6517666666666667,
        0.8058,
        0.9808333333333333,
        0.0,
        0.0,
        0.0,
        0.0,
        0.0
      ],
      [
        0.22216666666666665,
        0.43016666666666664,
        0.5089666666666667,
        0.6122666666666666,
        0.8851333333333332,
        0.9696666666666666,
        0.0,
        0.0,
        0.0,
        0.0
      ],
      [
        0.1951333333333333,
        0.3021,
        0.3786333333333333,
        0.4576,
        0.6341,
        0.7133333333333333,
        0.9817,
        0.0,
        0.0,
        0.0
      ],
      [
        0.22203333333333333,
        0.31279999999999997,
        0.3181,
        0.4129666666666667,
        0.4658333333333333,
        0.5251,
        0.7794666666666666,
        0.9619,
        0.0,
        0.0
      ],
      [
        0.13073333333333334,
        0.23233333333333336,
        0.2942666666666667,
        0.3953333333333333,
        0.44753333333333334,
        0.44976666666666665,
        0.6302666666666666,
        0.7231666666666667,
        0.9802333333333334,
        0.0
      ],
      [
        0.12946666666666665,
        0.21550000000000002,
        0.24986666666666668,
        0.31773333333333337,
        0.3554,
        0.3899333333333333,
        0.5166666666666666,
        0.5760333333333333,
        0.8356333333333333,
        0.9673999999999999
      ]
    ],
    "std": [
      [
        0.0019871811414385264,
        0.0,
        0.0,
        0.0,
        0.0,
        0.0,
        0.0,
        0.0,
        0.0,
        0.0
      ],
      [
        0.10658442662978493,
        0.0011313708498985084,
        0.0,
        0.0,
        0.0,
        0.0,
        0.0,
        0.0,
        0.0,
        0.0
      ],
      [
        0.1369720247187562,
        0.12005184990938987,
        0.0011469767022723142,
        0.0,
        0.0,
        0.0,
        0.0,
        0.0,
        0.0,
        0.0
      ],
      [
        0.17499633012025012,
        0.1964214063916886,
        0.0720473147005185,
        0.007324388484144381,
        0.0,
        0.0,
        0.0,
        0.0,
        0.0,
        0.0
      ],
      [
        0.11615940197274893,
        0.23041327122272182,
        0.20829724487429546,
        0.10261231245160916,
        0.0015062831370260114,
        0.0,
        0.0,
        0.0,
        0.0,
        0.0
      ],
      [
        0.08360918344031089,
        0.2405424748817186,
        0.24659236718835312,
        0.20994161622275423,
        0.05530704194665348,
        0.004865068230650929,
        0.0,
        0.0,
        0.0,
        0.0
      ],
      [
        0.05681721178969938,
        0.2327733661740535,
        0.27900275187810525,
        0.29261723576485826,
        0.22487295672594043,
        0.15694231070329281,
        0.0005099019513592731,
        0.0,
        0.0,
        0.0
      ],
      [
        0.11318778889772321,
        0.1921905824956051,
        0.227268695600604,
        0.28496435254645835,
        0.2896594820743066,
        0.26778114197978914,
        0.11970247375147358,
        0.007100704190430665,
        0.0,
        0.0
      ],
      [
        0.05465926779198158,
        0.13532509827161487,
        0.22124389759318158,
        0.26430897744033505,
        0.2720114376680184,
        0.27869113528938966,
        0.20252338685253668,
        0.1437784020250917,
        0.00016996731711977706,
        0.0
      ],
      [
        0.07056865845087007,
        0.1447502907308537,
        0.18562712325759104,
        0.24570953493007866,
        0.22498259191916756,
        0.23743959699726208,
        0.25660192690018696,
        0.21351710834393473,
        0.10356786288333958,
        0.0063134776470658354
      ]
    ]
  },
  "computational_metrics": {
    "avg_task_time": {
      "mean": 92.76797777811686,
      "std": 1.3739228260080496
    },
    "total_training_time": {
      "mean": 927.6797777811686,
      "std": 13.739228260080523
    }
  },
  "num_seeds": 3
}