{
  "cl_metrics": {
    "accuracy": {
      "mean": 0.3875300000000001,
      "std": 0.009233659440691253,
      "min": 0.38027000000000005,
      "max": 0.40056
    },
    "forgetting": {
      "mean": 0.6267444444444444,
      "std": 0.00992785498115019,
      "min": 0.6128333333333333,
      "max": 0.6353444444444444
    },
    "bwt": {
      "mean": -0.6267444444444444,
      "std": 0.00992785498115019,
      "min": -0.6353444444444444,
      "max": -0.6128333333333333
    },
    "fwt": {
      "mean": -0.09999999999999999,
      "std": 0.0,
      "min": -0.09999999999999999,
      "max": -0.09999999999999999
    },
    "plasticity": {
      "mean": 0.9516,
      "std": 0.0007001428425686298,
      "min": 0.95061,
      "max": 0.95211
    }
  },
  "accuracy_matrix": {
    "mean": [
      [
        0.9363333333333332,
        0.0,
        0.0,
        0.0,
        0.0,
        0.0,
        0.0,
        0.0,
        0.0,
        0.0
      ],
      [
        0.8765000000000001,
        0.9390333333333333,
        0.0,
        0.0,
        0.0,
        0.0,
        0.0,
        0.0,
        0.0,
        0.0
      ],
      [
        0.5683333333333332,
        0.7971,
        0.9521000000000001,
        0.0,
        0.0,
        0.0,
        0.0,
        0.0,
        0.0,
        0.0
      ],
      [
        0.41533333333333333,
        0.7206666666666667,
        0.8643666666666667,
        0.9472,
        0.0,
        0.0,
        0.0,
        0.0,
        0.0,
        0.0
      ],
      [
        0.33083333333333337,
        0.4659333333333333,
        0.7685333333333332,
        0.8896999999999999,
        0.9569333333333333,
        0.0,
        0.0,
        0.0,
        0.0,
        0.0
      ],
      [
        0.29816666666666664,
        0.36356666666666665,
        0.5798,
        0.7780999999999999,
        0.9312333333333335,
        0.9527333333333333,
        0.0,
        0.0,
        0.0,
        0.0
      ],
      [
        0.19266666666666665,
        0.20753333333333335,
        0.3697333333333333,
        0.5325,
        0.7931666666666667,
        0.8891666666666667,
        0.9591666666666666,
        0.0,
        0.0,
        0.0
      ],
      [
        0.12383333333333334,
        0.17443333333333333,
        0.17816666666666667,
        0.3233,
        0.5124333333333333,
        0.6712666666666666,
        0.8643000000000001,
        0.9543666666666667,
        0.0,
        0.0
      ],
      [
        0.0911,
        0.11943333333333334,
        0.13133333333333333,
        0.23450000000000001,
        0.3145,
        0.3963666666666667,
        0.6438666666666667,
        0.8623666666666666,
        0.9624333333333334,
        0.0
      ],
      [
        0.08373333333333333,
        0.0919,
        0.0827,
        0.19143333333333334,
        0.2442333333333333,
        0.3031333333333333,
        0.44716666666666666,
        0.6505666666666667,
        0.8247333333333332,
        0.9556999999999999
      ]
    ],
    "std": [
      [
        0.0004109609335312679,
        0.0,
        0.0,
        0.0,
        0.0,
        0.0,
        0.0,
        0.0,
        0.0,
        0.0
      ],
      [
        0.000489897948556627,
        0.0011585431464655287,
        0.0,
        0.0,
        0.0,
        0.0,
        0.0,
        0.0,
        0.0,
        0.0
      ],
      [
        0.032236245990430616,
        0.010129494887044788,
        0.0005099019513592731,
        0.0,
        0.0,
        0.0,
        0.0,
        0.0,
        0.0,
        0.0
      ],
      [
        0.010315468427991473,
        0.01787742213581765,
        0.00739113583212275,
        0.0013490737563232119,
        0.0,
        0.0,
        0.0,
        0.0,
        0.0,
        0.0
      ],
      [
        0.013802495748555363,
        0.009515717991244213,
        0.02546976420952672,
        0.005127052434554037,
        0.0012229290885229463,
        0.0,
        0.0,
        0.0,
        0.0,
        0.0
      ],
      [
        0.005479862123164118,
        0.024205004073997234,
        0.016010829668279748,
        0.012765578717786368,
        0.0013274871834493165,
        0.0007133644853010995,
        0.0,
        0.0,
        0.0,
        0.0
      ],
      [
        0.017806802695100037,
        0.013865384556112715,
        0.03126300618231643,
        0.027610143063736586,
        0.014970266827578233,
        0.008666538460590177,
        0.001359738536958064,
        0.0,
        0.0,
        0.0
      ],
      [
        0.019764333757779157,
        0.016092303198182122,
        0.016162989272477484,
        0.0267799676375209,
        0.03576742776450227,
        0.028772015725160593,
        0.0056961975621168896,
        0.0028075295585660797,
        0.0,
        0.0
      ],
      [
        0.011679326464598322,
        0.006251577578677422,
        0.00989084874461686,
        0.009248062860224653,
        0.016560394520260265,
        0.01191255173709179,
        0.017068945160404265,
        0.00935746879354789,
        0.00020548046676560993,
        0.0
      ],
      [
        0.0055041398561042724,
        0.004673328578219171,
        0.005769459824512748,
        0.0041354833118055455,
        0.01736305144712632,
        0.011598084132974527,
        0.027445987361037368,
        0.03147531660770953,
        0.008551543070632864,
        0.0005887840577552129
      ]
    ]
  },
  "computational_metrics": {
    "avg_task_time": {
      "mean": 83.64397600491843,
      "std": 1.2874309831259945
    },
    "total_training_time": {
      "mean": 836.4397600491842,
      "std": 12.87430983125993
    }
  },
  "num_seeds": 3
}