{
  "cl_metrics": {
    "accuracy": {
      "mean": 0.60925,
      "std": 0.0,
      "min": 0.60925,
      "max": 0.60925
    },
    "forgetting": {
      "mean": 0.38845555555555555,
      "std": 0.0,
      "min": 0.38845555555555555,
      "max": 0.38845555555555555
    },
    "bwt": {
      "mean": -0.38845555555555555,
      "std": 0.0,
      "min": -0.38845555555555555,
      "max": -0.38845555555555555
    },
    "fwt": {
      "mean": -0.09999999999999999,
      "std": 0.0,
      "min": -0.09999999999999999,
      "max": -0.09999999999999999
    },
    "plasticity": {
      "mean": 0.9588599999999999,
      "std": 0.0,
      "min": 0.9588599999999999,
      "max": 0.9588599999999999
    }
  },
  "accuracy_matrix": {
    "mean": [
      [
        0.9472,
        0.0,
        0.0,
        0.0,
        0.0,
        0.0,
        0.0,
        0.0,
        0.0,
        0.0
      ],
      [
        0.9357,
        0.9517,
        0.0,
        0.0,
        0.0,
        0.0,
        0.0,
        0.0,
        0.0,
        0.0
      ],
      [
        0.8973,
        0.9246,
        0.9632,
        0.0,
        0.0,
        0.0,
        0.0,
        0.0,
        0.0,
        0.0
      ],
      [
        0.8836,
        0.9001,
        0.9442,
        0.9563,
        0.0,
        0.0,
        0.0,
        0.0,
        0.0,
        0.0
      ],
      [
        0.8217,
        0.7842,
        0.9271,
        0.9324,
        0.9629,
        0.0,
        0.0,
        0.0,
        0.0,
        0.0
      ],
      [
        0.7866,
        0.7799,
        0.9102,
        0.9028,
        0.9485,
        0.9592,
        0.0,
        0.0,
        0.0,
        0.0
      ],
      [
        0.6581,
        0.5966,
        0.7902,
        0.8316,
        0.82,
        0.898,
        0.9647,
        0.0,
        0.0,
        0.0
      ],
      [
        0.5565,
        0.5063,
        0.6506,
        0.7196,
        0.6805,
        0.7762,
        0.9281,
        0.9581,
        0.0,
        0.0
      ],
      [
        0.4501,
        0.3953,
        0.4666,
        0.5985,
        0.6157,
        0.6437,
        0.8672,
        0.9108,
        0.9664,
        0.0
      ],
      [
        0.4024,
        0.3259,
        0.3914,
        0.5105,
        0.4663,
        0.5754,
        0.7376,
        0.8036,
        0.9205,
        0.9589
      ]
    ],
    "std": [
      [
        0.0,
        0.0,
        0.0,
        0.0,
        0.0,
        0.0,
        0.0,
        0.0,
        0.0,
        0.0
      ],
      [
        0.0,
        0.0,
        0.0,
        0.0,
        0.0,
        0.0,
        0.0,
        0.0,
        0.0,
        0.0
      ],
      [
        0.0,
        0.0,
        0.0,
        0.0,
        0.0,
        0.0,
        0.0,
        0.0,
        0.0,
        0.0
      ],
      [
        0.0,
        0.0,
        0.0,
        0.0,
        0.0,
        0.0,
        0.0,
        0.0,
        0.0,
        0.0
      ],
      [
        0.0,
        0.0,
        0.0,
        0.0,
        0.0,
        0.0,
        0.0,
        0.0,
        0.0,
        0.0
      ],
      [
        0.0,
        0.0,
        0.0,
        0.0,
        0.0,
        0.0,
        0.0,
        0.0,
        0.0,
        0.0
      ],
      [
        0.0,
        0.0,
        0.0,
        0.0,
        0.0,
        0.0,
        0.0,
        0.0,
        0.0,
        0.0
      ],
      [
        0.0,
        0.0,
        0.0,
        0.0,
        0.0,
        0.0,
        0.0,
        0.0,
        0.0,
        0.0
      ],
      [
        0.0,
        0.0,
        0.0,
        0.0,
        0.0,
        0.0,
        0.0,
        0.0,
        0.0,
        0.0
      ],
      [
        0.0,
        0.0,
        0.0,
        0.0,
        0.0,
        0.0,
        0.0,
        0.0,
        0.0,
        0.0
      ]
    ]
  },
  "computational_metrics": {
    "avg_task_time": {
      "mean": 92.25827596187591,
      "std": 0.0
    },
    "total_training_time": {
      "mean": 922.5827596187592,
      "std": 0.0
    }
  },
  "num_seeds": 1
}