{
  "cl_metrics": {
    "accuracy": {
      "mean": 0.7674199999999999,
      "std": 0.0,
      "min": 0.7674199999999999,
      "max": 0.7674199999999999
    },
    "forgetting": {
      "mean": 0.21242222222222226,
      "std": 0.0,
      "min": 0.21242222222222226,
      "max": 0.21242222222222226
    },
    "bwt": {
      "mean": -0.21242222222222226,
      "std": 0.0,
      "min": -0.21242222222222226,
      "max": -0.21242222222222226
    },
    "fwt": {
      "mean": -0.09999999999999999,
      "std": 0.0,
      "min": -0.09999999999999999,
      "max": -0.09999999999999999
    },
    "plasticity": {
      "mean": 0.9586,
      "std": 0.0,
      "min": 0.9586,
      "max": 0.9586
    }
  },
  "accuracy_matrix": {
    "mean": [
      [
        0.9363,
        0.0,
        0.0,
        0.0,
        0.0,
        0.0,
        0.0,
        0.0,
        0.0,
        0.0
      ],
      [
        0.9171,
        0.9482,
        0.0,
        0.0,
        0.0,
        0.0,
        0.0,
        0.0,
        0.0,
        0.0
      ],
      [
        0.8735,
        0.9302,
        0.9634,
        0.0,
        0.0,
        0.0,
        0.0,
        0.0,
        0.0,
        0.0
      ],
      [
        0.8621,
        0.9167,
        0.9477,
        0.96,
        0.0,
        0.0,
        0.0,
        0.0,
        0.0,
        0.0
      ],
      [
        0.8698,
        0.8671,
        0.9299,
        0.9347,
        0.9627,
        0.0,
        0.0,
        0.0,
        0.0,
        0.0
      ],
      [
        0.8148,
        0.8422,
        0.9107,
        0.9029,
        0.9544,
        0.9594,
        0.0,
        0.0,
        0.0,
        0.0
      ],
      [
        0.7993,
        0.753,
        0.871,
        0.883,
        0.9405,
        0.9373,
        0.9682,
        0.0,
        0.0,
        0.0
      ],
      [
        0.783,
        0.6961,
        0.8277,
        0.8577,
        0.9168,
        0.915,
        0.9463,
        0.9616,
        0.0,
        0.0
      ],
      [
        0.7045,
        0.6416,
        0.665,
        0.793,
        0.8573,
        0.8555,
        0.8996,
        0.9209,
        0.965,
        0.0
      ],
      [
        0.6826,
        0.49,
        0.591,
        0.7056,
        0.7553,
        0.7986,
        0.8759,
        0.8744,
        0.9396,
        0.9612
      ]
    ],
    "std": [
      [
        0.0,
        0.0,
        0.0,
        0.0,
        0.0,
        0.0,
        0.0,
        0.0,
        0.0,
        0.0
      ],
      [
        0.0,
        0.0,
        0.0,
        0.0,
        0.0,
        0.0,
        0.0,
        0.0,
        0.0,
        0.0
      ],
      [
        0.0,
        0.0,
        0.0,
        0.0,
        0.0,
        0.0,
        0.0,
        0.0,
        0.0,
        0.0
      ],
      [
        0.0,
        0.0,
        0.0,
        0.0,
        0.0,
        0.0,
        0.0,
        0.0,
        0.0,
        0.0
      ],
      [
        0.0,
        0.0,
        0.0,
        0.0,
        0.0,
        0.0,
        0.0,
        0.0,
        0.0,
        0.0
      ],
      [
        0.0,
        0.0,
        0.0,
        0.0,
        0.0,
        0.0,
        0.0,
        0.0,
        0.0,
        0.0
      ],
      [
        0.0,
        0.0,
        0.0,
        0.0,
        0.0,
        0.0,
        0.0,
        0.0,
        0.0,
        0.0
      ],
      [
        0.0,
        0.0,
        0.0,
        0.0,
        0.0,
        0.0,
        0.0,
        0.0,
        0.0,
        0.0
      ],
      [
        0.0,
        0.0,
        0.0,
        0.0,
        0.0,
        0.0,
        0.0,
        0.0,
        0.0,
        0.0
      ],
      [
        0.0,
        0.0,
        0.0,
        0.0,
        0.0,
        0.0,
        0.0,
        0.0,
        0.0,
        0.0
      ]
    ]
  },
  "computational_metrics": {
    "avg_task_time": {
      "mean": 126.10925717353821,
      "std": 0.0
    },
    "total_training_time": {
      "mean": 1261.092571735382,
      "std": 0.0
    }
  },
  "num_seeds": 1
}