{
  "cl_metrics": {
    "accuracy": {
      "mean": 0.6408533333333334,
      "std": 0.00328118203633322,
      "min": 0.63674,
      "max": 0.6447700000000001
    },
    "forgetting": {
      "mean": 0.3706444444444445,
      "std": 0.003345803833487698,
      "min": 0.3668,
      "max": 0.37495555555555554
    },
    "bwt": {
      "mean": -0.3706444444444445,
      "std": 0.003345803833487698,
      "min": -0.37495555555555554,
      "max": -0.3668
    },
    "fwt": {
      "mean": -0.09999999999999999,
      "std": 0.0,
      "min": -0.09999999999999999,
      "max": -0.09999999999999999
    },
    "plasticity": {
      "mean": 0.9744333333333333,
      "std": 0.0003229379025275642,
      "min": 0.9742000000000001,
      "max": 0.97489
    }
  },
  "accuracy_matrix": {
    "mean": [
      [
        0.9700333333333333,
        0.0,
        0.0,
        0.0,
        0.0,
        0.0,
        0.0,
        0.0,
        0.0,
        0.0
      ],
      [
        0.9509,
        0.9710666666666667,
        0.0,
        0.0,
        0.0,
        0.0,
        0.0,
        0.0,
        0.0,
        0.0
      ],
      [
        0.8864,
        0.9222,
        0.9781,
        0.0,
        0.0,
        0.0,
        0.0,
        0.0,
        0.0,
        0.0
      ],
      [
        0.7839666666666667,
        0.8771333333333334,
        0.9606333333333333,
        0.9724,
        0.0,
        0.0,
        0.0,
        0.0,
        0.0,
        0.0
      ],
      [
        0.7193,
        0.7629999999999999,
        0.9221,
        0.9172666666666666,
        0.9782333333333333,
        0.0,
        0.0,
        0.0,
        0.0,
        0.0
      ],
      [
        0.6778333333333334,
        0.7305,
        0.8788666666666667,
        0.8863333333333333,
        0.9652,
        0.9728333333333333,
        0.0,
        0.0,
        0.0,
        0.0
      ],
      [
        0.5680333333333333,
        0.5711333333333333,
        0.7272666666666666,
        0.8279666666666667,
        0.9035666666666667,
        0.9242666666666667,
        0.9791333333333334,
        0.0,
        0.0,
        0.0
      ],
      [
        0.533,
        0.5480666666666667,
        0.654,
        0.7201333333333334,
        0.8323666666666667,
        0.8472666666666666,
        0.9541,
        0.9716666666666667,
        0.0,
        0.0
      ],
      [
        0.3816333333333333,
        0.4270666666666667,
        0.5473,
        0.6639,
        0.6706,
        0.7166666666666667,
        0.8825333333333334,
        0.8936000000000001,
        0.9775666666666667,
        0.0
      ],
      [
        0.2933666666666667,
        0.3137333333333333,
        0.46973333333333334,
        0.5976666666666667,
        0.6111666666666666,
        0.6469999999999999,
        0.7801666666666667,
        0.7816000000000001,
        0.9408,
        0.9733
      ]
    ],
    "std": [
      [
        0.000492160768674435,
        0.0,
        0.0,
        0.0,
        0.0,
        0.0,
        0.0,
        0.0,
        0.0,
        0.0
      ],
      [
        0.004196029869610913,
        0.0006798692684790139,
        0.0,
        0.0,
        0.0,
        0.0,
        0.0,
        0.0,
        0.0,
        0.0
      ],
      [
        0.005798850460795365,
        0.024326665753174333,
        0.0003741657386774024,
        0.0,
        0.0,
        0.0,
        0.0,
        0.0,
        0.0,
        0.0
      ],
      [
        0.019117589341290465,
        0.039430473269062113,
        0.0038767110917488938,
        0.000711805216802113,
        0.0,
        0.0,
        0.0,
        0.0,
        0.0,
        0.0
      ],
      [
        0.012030793822520564,
        0.032124860570384856,
        0.003785058343892059,
        0.015490283692976354,
        0.001078064108586435,
        0.0,
        0.0,
        0.0,
        0.0,
        0.0
      ],
      [
        0.025268733424706688,
        0.02427440352854561,
        0.01717058207775407,
        0.017082609740773108,
        0.003849675310984055,
        0.0023156472577277724,
        0.0,
        0.0,
        0.0,
        0.0
      ],
      [
        0.018677318389485772,
        0.06311631238347888,
        0.027601972554310114,
        0.050734625476317685,
        0.024978968931661044,
        0.014569908106169448,
        0.000524933858267448,
        0.0,
        0.0,
        0.0
      ],
      [
        0.04691417696176714,
        0.037191426730124565,
        0.027361408345819207,
        0.09180386096939978,
        0.02619024415481629,
        0.044269954697163286,
        0.006734983296193085,
        0.0021853044537444998,
        0.0,
        0.0
      ],
      [
        0.021651841081585244,
        0.04268444941922317,
        0.07146444337337744,
        0.007940193112681026,
        0.01667892882251936,
        0.03300760855048759,
        0.0045257289161219506,
        0.01960068026030392,
        0.0010274023338281396,
        0.0
      ],
      [
        0.00375440482041502,
        0.0445530644911835,
        0.04944393008471538,
        0.023569660347338282,
        0.007810391937810949,
        0.040598275825458385,
        0.013251498867004519,
        0.05020816666639003,
        0.015048587973627263,
        0.00127279220613575
      ]
    ]
  },
  "computational_metrics": {
    "avg_task_time": {
      "mean": 79.95223394234976,
      "std": 1.369954604863446
    },
    "total_training_time": {
      "mean": 799.5223394234976,
      "std": 13.699546048634492
    }
  },
  "num_seeds": 3
}