{
  "cl_metrics": {
    "accuracy": {
      "mean": 0.48997333333333337,
      "std": 0.03782168719428343,
      "min": 0.46291000000000004,
      "max": 0.54346
    },
    "forgetting": {
      "mean": 0.5328222222222223,
      "std": 0.041061018530941906,
      "min": 0.4747555555555556,
      "max": 0.5623111111111112
    },
    "bwt": {
      "mean": -0.5328222222222223,
      "std": 0.041061018530941906,
      "min": -0.5623111111111112,
      "max": -0.4747555555555556
    },
    "fwt": {
      "mean": -0.09999999999999999,
      "std": 0.0,
      "min": -0.09999999999999999,
      "max": -0.09999999999999999
    },
    "plasticity": {
      "mean": 0.9695133333333331,
      "std": 0.001052436326920628,
      "min": 0.96817,
      "max": 0.9707399999999999
    }
  },
  "accuracy_matrix": {
    "mean": [
      [
        0.9611999999999999,
        0.0,
        0.0,
        0.0,
        0.0,
        0.0,
        0.0,
        0.0,
        0.0,
        0.0
      ],
      [
        0.9208666666666666,
        0.9622999999999999,
        0.0,
        0.0,
        0.0,
        0.0,
        0.0,
        0.0,
        0.0,
        0.0
      ],
      [
        0.6881333333333334,
        0.8734333333333333,
        0.9717333333333333,
        0.0,
        0.0,
        0.0,
        0.0,
        0.0,
        0.0,
        0.0
      ],
      [
        0.5526333333333333,
        0.7680666666666666,
        0.9264,
        0.9672666666666666,
        0.0,
        0.0,
        0.0,
        0.0,
        0.0,
        0.0
      ],
      [
        0.418,
        0.5714,
        0.8424333333333335,
        0.9028666666666667,
        0.9740666666666667,
        0.0,
        0.0,
        0.0,
        0.0,
        0.0
      ],
      [
        0.38886666666666664,
        0.5156999999999999,
        0.699,
        0.8194666666666667,
        0.9529,
        0.9693333333333333,
        0.0,
        0.0,
        0.0,
        0.0
      ],
      [
        0.277,
        0.3729,
        0.5146666666666667,
        0.6638000000000001,
        0.8403,
        0.9150333333333333,
        0.9751666666666666,
        0.0,
        0.0,
        0.0
      ],
      [
        0.26143333333333335,
        0.35309999999999997,
        0.3622666666666667,
        0.5003333333333333,
        0.6583,
        0.8339,
        0.9207333333333333,
        0.9692666666666666,
        0.0,
        0.0
      ],
      [
        0.1711666666666667,
        0.22783333333333333,
        0.2257,
        0.42416666666666664,
        0.47383333333333333,
        0.5987666666666667,
        0.7809666666666666,
        0.8987333333333334,
        0.9746666666666667,
        0.0
      ],
      [
        0.1349,
        0.18013333333333334,
        0.2077,
        0.35766666666666663,
        0.35833333333333334,
        0.4973,
        0.6070666666666666,
        0.6882,
        0.8983,
        0.9701333333333334
      ]
    ],
    "std": [
      [
        0.0006480740698407661,
        0.0,
        0.0,
        0.0,
        0.0,
        0.0,
        0.0,
        0.0,
        0.0,
        0.0
      ],
      [
        0.002107657994604941,
        0.0011575836902789974,
        0.0,
        0.0,
        0.0,
        0.0,
        0.0,
        0.0,
        0.0,
        0.0
      ],
      [
        0.03101766521767161,
        0.035049710729508486,
        0.0007039570693981077,
        0.0,
        0.0,
        0.0,
        0.0,
        0.0,
        0.0,
        0.0
      ],
      [
        0.05067032881501976,
        0.06113244274160452,
        0.013617880402862503,
        0.002392116682401249,
        0.0,
        0.0,
        0.0,
        0.0,
        0.0,
        0.0
      ],
      [
        0.02359717497215855,
        0.07914202423491581,
        0.03290211070568102,
        0.011189379885508475,
        0.0010208928554075933,
        0.0,
        0.0,
        0.0,
        0.0,
        0.0
      ],
      [
        0.046108591631302535,
        0.07928131347717865,
        0.04190019888576502,
        0.029833128490916887,
        0.0006976149845485583,
        0.0010274023338281877,
        0.0,
        0.0,
        0.0,
        0.0
      ],
      [
        0.01898543301235625,
        0.04185474883451099,
        0.018786046831506503,
        0.024174918131540074,
        0.002572936066053756,
        0.014243205007612897,
        0.0003299831645537344,
        0.0,
        0.0,
        0.0
      ],
      [
        0.03807381719181248,
        0.08027083322519248,
        0.043750530155517976,
        0.04043285242912694,
        0.00887731190545124,
        0.02209992458509005,
        0.018899088749343346,
        0.0034422215049134766,
        0.0,
        0.0
      ],
      [
        0.02519475254007381,
        0.04807281514073786,
        0.0379316051158749,
        0.023154601174616575,
        0.04406406951499396,
        0.03586059428149821,
        0.05260597769159781,
        0.013277633657981189,
        0.0013912424503139506,
        0.0
      ],
      [
        0.05388252654308878,
        0.03438384633645411,
        0.052021598078746754,
        0.027031997500904157,
        0.06608057371287133,
        0.049365777619723564,
        0.05699545790869846,
        0.050098369900293836,
        0.000787400787401179,
        0.0004109609335312619
      ]
    ]
  },
  "computational_metrics": {
    "avg_task_time": {
      "mean": 87.83656083742777,
      "std": 0.8765587964763663
    },
    "total_training_time": {
      "mean": 878.3656083742777,
      "std": 8.765587964763633
    }
  },
  "num_seeds": 3
}