{
  "cl_metrics": {
    "accuracy": {
      "mean": 0.7696000000000001,
      "std": 0.0,
      "min": 0.7696000000000001,
      "max": 0.7696000000000001
    },
    "forgetting": {
      "mean": 0.21217777777777774,
      "std": 0.0,
      "min": 0.21217777777777774,
      "max": 0.21217777777777774
    },
    "bwt": {
      "mean": -0.21217777777777774,
      "std": 0.0,
      "min": -0.21217777777777774,
      "max": -0.21217777777777774
    },
    "fwt": {
      "mean": -0.09999999999999999,
      "std": 0.0,
      "min": -0.09999999999999999,
      "max": -0.09999999999999999
    },
    "plasticity": {
      "mean": 0.9605599999999999,
      "std": 0.0,
      "min": 0.9605599999999999,
      "max": 0.9605599999999999
    }
  },
  "accuracy_matrix": {
    "mean": [
      [
        0.9462,
        0.0,
        0.0,
        0.0,
        0.0,
        0.0,
        0.0,
        0.0,
        0.0,
        0.0
      ],
      [
        0.9292,
        0.9532,
        0.0,
        0.0,
        0.0,
        0.0,
        0.0,
        0.0,
        0.0,
        0.0
      ],
      [
        0.9048,
        0.9361,
        0.9641,
        0.0,
        0.0,
        0.0,
        0.0,
        0.0,
        0.0,
        0.0
      ],
      [
        0.8842,
        0.9173,
        0.9531,
        0.9596,
        0.0,
        0.0,
        0.0,
        0.0,
        0.0,
        0.0
      ],
      [
        0.8482,
        0.87,
        0.9343,
        0.9375,
        0.9632,
        0.0,
        0.0,
        0.0,
        0.0,
        0.0
      ],
      [
        0.8056,
        0.8496,
        0.9021,
        0.9246,
        0.9549,
        0.9581,
        0.0,
        0.0,
        0.0,
        0.0
      ],
      [
        0.7439,
        0.7954,
        0.8541,
        0.8814,
        0.9338,
        0.9424,
        0.9691,
        0.0,
        0.0,
        0.0
      ],
      [
        0.688,
        0.75,
        0.8063,
        0.8411,
        0.9069,
        0.9119,
        0.9486,
        0.9641,
        0.0,
        0.0
      ],
      [
        0.5578,
        0.6426,
        0.6572,
        0.7975,
        0.8608,
        0.8108,
        0.9141,
        0.9328,
        0.9683,
        0.0
      ],
      [
        0.541,
        0.5504,
        0.5944,
        0.7461,
        0.8086,
        0.7596,
        0.8845,
        0.8978,
        0.9539,
        0.9597
      ]
    ],
    "std": [
      [
        0.0,
        0.0,
        0.0,
        0.0,
        0.0,
        0.0,
        0.0,
        0.0,
        0.0,
        0.0
      ],
      [
        0.0,
        0.0,
        0.0,
        0.0,
        0.0,
        0.0,
        0.0,
        0.0,
        0.0,
        0.0
      ],
      [
        0.0,
        0.0,
        0.0,
        0.0,
        0.0,
        0.0,
        0.0,
        0.0,
        0.0,
        0.0
      ],
      [
        0.0,
        0.0,
        0.0,
        0.0,
        0.0,
        0.0,
        0.0,
        0.0,
        0.0,
        0.0
      ],
      [
        0.0,
        0.0,
        0.0,
        0.0,
        0.0,
        0.0,
        0.0,
        0.0,
        0.0,
        0.0
      ],
      [
        0.0,
        0.0,
        0.0,
        0.0,
        0.0,
        0.0,
        0.0,
        0.0,
        0.0,
        0.0
      ],
      [
        0.0,
        0.0,
        0.0,
        0.0,
        0.0,
        0.0,
        0.0,
        0.0,
        0.0,
        0.0
      ],
      [
        0.0,
        0.0,
        0.0,
        0.0,
        0.0,
        0.0,
        0.0,
        0.0,
        0.0,
        0.0
      ],
      [
        0.0,
        0.0,
        0.0,
        0.0,
        0.0,
        0.0,
        0.0,
        0.0,
        0.0,
        0.0
      ],
      [
        0.0,
        0.0,
        0.0,
        0.0,
        0.0,
        0.0,
        0.0,
        0.0,
        0.0,
        0.0
      ]
    ]
  },
  "computational_metrics": {
    "avg_task_time": {
      "mean": 129.33375079631804,
      "std": 0.0
    },
    "total_training_time": {
      "mean": 1293.3375079631805,
      "std": 0.0
    }
  },
  "num_seeds": 1
}