{
  "cl_metrics": {
    "accuracy": {
      "mean": 0.7976560000000001,
      "std": 0.01618884381294727,
      "min": 0.7826099999999999,
      "max": 0.8291000000000001
    },
    "forgetting": {
      "mean": 0.18129555555555554,
      "std": 0.017844942016032313,
      "min": 0.14652222222222222,
      "max": 0.1973888888888889
    },
    "bwt": {
      "mean": -0.18129555555555554,
      "std": 0.017844942016032313,
      "min": -0.1973888888888889,
      "max": -0.14652222222222222
    },
    "fwt": {
      "mean": -0.09999999999999999,
      "std": 0.0,
      "min": -0.09999999999999999,
      "max": -0.09999999999999999
    },
    "plasticity": {
      "mean": 0.9608220000000001,
      "std": 0.00031262757395979603,
      "min": 0.9602600000000001,
      "max": 0.96121
    }
  },
  "accuracy_matrix": {
    "mean": [
      [
        0.9431200000000001,
        0.0,
        0.0,
        0.0,
        0.0,
        0.0,
        0.0,
        0.0,
        0.0,
        0.0
      ],
      [
        0.93116,
        0.95468,
        0.0,
        0.0,
        0.0,
        0.0,
        0.0,
        0.0,
        0.0,
        0.0
      ],
      [
        0.91196,
        0.93774,
        0.96334,
        0.0,
        0.0,
        0.0,
        0.0,
        0.0,
        0.0,
        0.0
      ],
      [
        0.89254,
        0.9277799999999999,
        0.95184,
        0.9596199999999999,
        0.0,
        0.0,
        0.0,
        0.0,
        0.0,
        0.0
      ],
      [
        0.86754,
        0.89308,
        0.93794,
        0.94382,
        0.96602,
        0.0,
        0.0,
        0.0,
        0.0,
        0.0
      ],
      [
        0.82638,
        0.86798,
        0.9090599999999999,
        0.9243600000000001,
        0.9560000000000001,
        0.9617800000000001,
        0.0,
        0.0,
        0.0,
        0.0
      ],
      [
        0.78106,
        0.80084,
        0.8429399999999999,
        0.8870800000000001,
        0.9341999999999999,
        0.94468,
        0.96722,
        0.0,
        0.0,
        0.0
      ],
      [
        0.73544,
        0.7444,
        0.8084,
        0.8502599999999999,
        0.89222,
        0.91698,
        0.94834,
        0.9616999999999999,
        0.0,
        0.0
      ],
      [
        0.65194,
        0.70518,
        0.74298,
        0.80142,
        0.8609200000000001,
        0.87004,
        0.9136799999999999,
        0.9415600000000002,
        0.96756,
        0.0
      ],
      [
        0.58526,
        0.6094799999999999,
        0.68606,
        0.7476,
        0.81168,
        0.83382,
        0.87934,
        0.9099600000000001,
        0.9501800000000001,
        0.96318
      ]
    ],
    "std": [
      [
        0.0005153639490690026,
        0.0,
        0.0,
        0.0,
        0.0,
        0.0,
        0.0,
        0.0,
        0.0,
        0.0
      ],
      [
        0.0028267295590487726,
        0.0006493073232299105,
        0.0,
        0.0,
        0.0,
        0.0,
        0.0,
        0.0,
        0.0,
        0.0
      ],
      [
        0.0042495176196834395,
        0.0012877888025604111,
        0.00138938835463667,
        0.0,
        0.0,
        0.0,
        0.0,
        0.0,
        0.0,
        0.0
      ],
      [
        0.006459907120075337,
        0.004730073995192894,
        0.0042645515590739565,
        0.0010047885349664663,
        0.0,
        0.0,
        0.0,
        0.0,
        0.0,
        0.0
      ],
      [
        0.01810056352713915,
        0.006368798944856077,
        0.0038338492406457523,
        0.006090451543194457,
        0.0004707440918376287,
        0.0,
        0.0,
        0.0,
        0.0,
        0.0
      ],
      [
        0.019596469069707443,
        0.013769299183328098,
        0.01269182413997293,
        0.005118827990858838,
        0.0019524343778985478,
        0.001981312696168851,
        0.0,
        0.0,
        0.0,
        0.0
      ],
      [
        0.009508228015776648,
        0.02776894668510132,
        0.03555039240289761,
        0.01224800391900653,
        0.007338119650155607,
        0.005103489002633404,
        0.0011805083650698787,
        0.0,
        0.0,
        0.0
      ],
      [
        0.015563495751276427,
        0.0394235969946934,
        0.021733844574764016,
        0.01520836611868613,
        0.014904683827575817,
        0.008573307413128265,
        0.005232437290594132,
        0.0024795160818191844,
        0.0,
        0.0
      ],
      [
        0.03706532611484757,
        0.0289809178598608,
        0.031235582274066875,
        0.0363051180964888,
        0.022258427617421677,
        0.022367708867919413,
        0.009740513333495298,
        0.0033749666665020546,
        0.0012109500402576205,
        0.0
      ],
      [
        0.0362754241877335,
        0.04894304444964576,
        0.030097215818078588,
        0.03842910355446766,
        0.03881125609922977,
        0.025954837699357684,
        0.01657885400140795,
        0.008208434686345493,
        0.0035329307946802327,
        0.0010067770358922557
      ]
    ]
  },
  "comput_metrics": {
    "avg_task_time": {
      "mean": 39.98311408996582,
      "std": 1.151305013673656
    },
    "total_training_time": {
      "mean": 399.8311408996582,
      "std": 11.513050136736558
    }
  },
  "num_seeds": 5
}