{
  "cl_metrics": {
    "accuracy": {
      "mean": 0.7460266666666667,
      "std": 0.04484891699423253,
      "min": 0.7097300000000001,
      "max": 0.8092200000000002
    },
    "forgetting": {
      "mean": 0.23847407407407406,
      "std": 0.04899009250080378,
      "min": 0.16941111111111112,
      "max": 0.2777777777777778
    },
    "bwt": {
      "mean": -0.23847407407407406,
      "std": 0.04899009250080378,
      "min": -0.2777777777777778,
      "max": -0.16941111111111112
    },
    "fwt": {
      "mean": -0.09999999999999999,
      "std": 0.0,
      "min": -0.09999999999999999,
      "max": -0.09999999999999999
    },
    "plasticity": {
      "mean": 0.9606533333333335,
      "std": 0.0008041696891135183,
      "min": 0.9597300000000001,
      "max": 0.9616900000000002
    }
  },
  "accuracy_matrix": {
    "mean": [
      [
        0.9478666666666667,
        0.0,
        0.0,
        0.0,
        0.0,
        0.0,
        0.0,
        0.0,
        0.0,
        0.0
      ],
      [
        0.9321,
        0.9549,
        0.0,
        0.0,
        0.0,
        0.0,
        0.0,
        0.0,
        0.0,
        0.0
      ],
      [
        0.9105333333333333,
        0.9328333333333334,
        0.9626666666666667,
        0.0,
        0.0,
        0.0,
        0.0,
        0.0,
        0.0,
        0.0
      ],
      [
        0.8884,
        0.9117000000000001,
        0.9483,
        0.9596333333333332,
        0.0,
        0.0,
        0.0,
        0.0,
        0.0,
        0.0
      ],
      [
        0.8451,
        0.8644,
        0.9352333333333332,
        0.9395333333333333,
        0.965,
        0.0,
        0.0,
        0.0,
        0.0,
        0.0
      ],
      [
        0.8159000000000001,
        0.8504,
        0.9104333333333333,
        0.9119333333333334,
        0.9512,
        0.9603666666666667,
        0.0,
        0.0,
        0.0,
        0.0
      ],
      [
        0.757,
        0.7494333333333333,
        0.8402666666666666,
        0.8831666666666668,
        0.9183,
        0.9434,
        0.9677666666666668,
        0.0,
        0.0,
        0.0
      ],
      [
        0.7112333333333334,
        0.6985666666666667,
        0.8095333333333333,
        0.8377333333333334,
        0.8936999999999999,
        0.9251666666666667,
        0.9479000000000001,
        0.9597333333333333,
        0.0,
        0.0
      ],
      [
        0.5778333333333333,
        0.6163666666666666,
        0.6366333333333334,
        0.7728,
        0.8382999999999999,
        0.8473333333333333,
        0.9049666666666667,
        0.9273666666666666,
        0.9662666666666667,
        0.0
      ],
      [
        0.48153333333333337,
        0.5049333333333333,
        0.5723666666666666,
        0.7105,
        0.7545999999999999,
        0.7964666666666668,
        0.8684333333333334,
        0.8678333333333333,
        0.9412666666666666,
        0.9623333333333334
      ]
    ],
    "std": [
      [
        0.002017148702720975,
        0.0,
        0.0,
        0.0,
        0.0,
        0.0,
        0.0,
        0.0,
        0.0,
        0.0
      ],
      [
        0.002687005768508875,
        0.0006976149845485583,
        0.0,
        0.0,
        0.0,
        0.0,
        0.0,
        0.0,
        0.0,
        0.0
      ],
      [
        0.01324193674992024,
        0.006890250761442255,
        0.0014429907214608883,
        0.0,
        0.0,
        0.0,
        0.0,
        0.0,
        0.0,
        0.0
      ],
      [
        0.004982636517614615,
        0.013970206393130588,
        0.0032072833779800023,
        0.001400793425963405,
        0.0,
        0.0,
        0.0,
        0.0,
        0.0,
        0.0
      ],
      [
        0.013070832669216824,
        0.023992637759668416,
        0.00020548046676560993,
        0.0015584892970081107,
        0.00014142135623729395,
        0.0,
        0.0,
        0.0,
        0.0,
        0.0
      ],
      [
        0.006556421788343603,
        0.019614450455382827,
        0.007386624548616385,
        0.002389328124994321,
        0.00582923665671587,
        0.00075424723326562,
        0.0,
        0.0,
        0.0,
        0.0
      ],
      [
        0.02439603792968575,
        0.04432135176438355,
        0.01268183302558777,
        0.005413768455418911,
        0.020750582321146245,
        0.0018055470085267687,
        0.0018372685039361265,
        0.0,
        0.0,
        0.0
      ],
      [
        0.029543677646645287,
        0.05424692515607582,
        0.012624931242937109,
        0.015184714536518453,
        0.02459932248389511,
        0.0075583654905600475,
        0.004020779360604962,
        0.0009392668535736786,
        0.0,
        0.0
      ],
      [
        0.04997334845250569,
        0.05081602984186086,
        0.05299165552759752,
        0.03786722417429971,
        0.03592854018743316,
        0.018729181034477252,
        0.015436392785305172,
        0.006073073539997882,
        0.0017211107524567645,
        0.0
      ],
      [
        0.0943551211587844,
        0.07910172072857975,
        0.057137981141171634,
        0.07465458235545,
        0.04840847033319682,
        0.04629862008982794,
        0.027393227062339497,
        0.05156493209752359,
        0.007901195408853574,
        0.0006128258770283179
      ]
    ]
  },
  "computational_metrics": {
    "avg_task_time": {
      "mean": 106.9200212319692,
      "std": 0.5296128351481628
    },
    "total_training_time": {
      "mean": 1069.200212319692,
      "std": 5.296128351481602
    }
  },
  "num_seeds": 3
}